arquivo,tipo_imovel,endereco,area_terreno_m2,area_construida_m2,area_coberta_m2,area_privativa_m2,area_total_m2,area_util_m2,area_comum_m2,ano,ano_contexto,valor_avaliacao_brl,matricula,onus_status,onus_descricao,data_vistoria,responsavel_nome,responsavel_registro,status_extracao,campos_ausentes,divergencias
laudo_01.txt,apartamento residencial,"Rua das Acácias, 145, ap. 82 - Vila Mariana, São Paulo/SP",,,,78.4,102.1,,,2014.0,Ano de construção,642000.0,184.772,SEM_ONUS,não foram identificados ônus na certidão analisada.,2025-03-12,Marina Albuquerque,CREA-SP 5061234567,OK,[],[]
laudo_02.txt,casa térrea,"Av. Central, 900, bloco B, Belo Horizonte - MG",250.0,146.0,,,,,,2008.0,Construída em 2008.,680000.0,45.981,SEM_ONUS,sem gravames conhecidos,2025-03-18,Carlos Henrique Moura,CAU A123456-7,OK,[],[]
laudo_03.txt,sala comercial,"Rua do Comércio, 77, Curitiba/PR",,,,,,54.8,18.2,,Idade informada no documento: 11 anos,395500.0,77.201,NAO_VERIFICADO,Consta alienação fiduciária em favor de instituição financeira; recomenda-se atualização da certidão.,2025-03-22,Beatriz Nunes,CAU A987654-3,PARCIAL,"[""ano""]",[]
laudo_04.txt,terreno urbano,"Lote 18, Quadra F, Rua Ipê Amarelo, Goiânia/GO",360.0,,,,,,,,não se aplica,218000.0,102.334,NAO_INFORMADO,nada informado no documento apresentado,2025-04-02,Paulo Sérgio Reis,CREA 12345/D-GO,OK,[],[]
laudo_05.txt,imóvel rural denominado Sítio Boa Vista,"Município de Campinas, UF SP",48000.0,310.0,,,,,,1999.0,Ano das edificações,1275000.0,32.110,COM_ONUS,reserva legal registrada; não foi apontada hipoteca,2025-04-07,João A. Farias,CREA-SP 5076543210,OK,[],[]
laudo_06.txt,Apartamento,"Rua das Palmeiras, 1.210, Recife/PE, CEP 50000-100",,,,61.0,84.0,,,2018.0,construção,455000.0,9.876,NAO_INFORMADO,Não consta informação sobre ônus.,2025-04-15,Fernanda Lins,CREA 18001/PE,OK,[],[]
laudo_07.txt,Casa geminada,"Rua Azul, 33, bairro Jardim Europa, Porto Alegre - RS",125.0,92.5,,,,,,2011.0,Ano de construção informado pelo proprietário,372000.0,66.504,COM_ONUS,"Há penhora averbada, conforme documento consultado em 20/04/2025.",2025-04-20,Rafael Costa,CREA-RS 222333,OK,[],[]
laudo_08.txt,loja térrea com sobreloja,"Rua Sete de Setembro, 410, Salvador/BA",,118.0,,,,,,2005.0,Ano de referência,910000.0,,NAO_VERIFICADO,não foi possível verificar por ausência de certidão,2025-04-29,Luciana Prado,CNAI 12345,PARCIAL,"[""matricula""]",[]
laudo_09.txt,Casa residencial,"Alameda das Flores 88, Florianópolis/SC",420.0,198.0,,,,,,2020.0,Construção,1080000.0,12.909,SEM_ONUS,A certidão indica inexistência de ônus reais.,2025-05-03,Thiago Martins,CREA-SC 7654321,OK,[],[]
laudo_10.txt,apartamento,"SQN 214, bloco C, apto 407, Condomínio Parque Norte, Brasília/DF",,,,96.3,127.6,,,2016.0,Ano de conclusão,735000.0,201.443,COM_ONUS,alienação fiduciária mencionada na matrícula,2025-05-09,Denise Carvalho,CREA-DF 112233,OK,[],[]
laudo_11.txt,Terreno para incorporação,"Rua Projetada 4, s/n, Santos, SP",1020.0,,,,,,,,ano de construção,2450000.0,88.710,NAO_INFORMADO,Ônus reais não informados.,2025-05-16,Marcos Vieira,CREA-SP 5099988776,OK,[],[]
laudo_12.txt,casa de alto padrão,"Rua das Bromélias, 500, Lago Sul, Brasília - DF",600.0,285.0,,,,,,2012.0,,2180000.0,54.122,COM_ONUS,servidão de passagem registrada,2025-05-23,Andréa Melo,CAU A445566-1,OK,[],[]
laudo_13.txt,Apartamento,"Av. Brasil 1770, ap. 1201, Rio de Janeiro/RJ",,,,,155.0,112.0,,1987.0,Ano de construção,1320000.0,145.230,COM_ONUS,"penhora cancelada, conforme averbação; documento não informa data do cancelamento",2025-05-30,Eduardo Sampaio,CNAI 67890,OK,[],[]
laudo_14.txt,galpão industrial,"Rodovia BR-116, km 12, Betim/MG",3000.0,,1450.0,,,,,,Idade informada no documento: 18,3900000.0,70.008,SEM_ONUS,Não há menção a ônus.,2025-06-05,Sérgio Tavares,CREA-MG 998877,PARCIAL,"[""ano""]",[]
laudo_15.txt,casa,"Rua Monte Verde, 19, Curitiba-PR",200.0,135.0,,,,,,2003.0,,590000.0,39.240,COM_ONUS,hipoteca ativa,2025-06-12,Patrícia Gomes,CREA-PR 123123,OK,[],[]
laudo_16.txt,Unidade comercial,"Rua do Sol, 250, Campinas/SP",,,,42.0,67.0,,,2010.0,Construído em 2010,288000.0,101.010,NAO_INFORMADO,sem informação,2025-06-19,Guilherme Rocha,CREA-SP 501010,OK,[],[]
